Column1,Y,X,인접지 주소(동),이미지 주소
0,37.52994485,126.8377467,양천구 신월동,img/portfolio/1.png
1,37.52053167,126.905053,영등포구 영등포동5가,img/portfolio/2.png
2,37.52091948,126.9050923,영등포구 영등포동5가,img/portfolio/3.png
3,37.52125309,126.9047802,영등포구 영등포동6가,img/portfolio/4.png
4,37.52560222,126.9069756,영등포구 영등포동8가,img/portfolio/5.png
5,37.53000873,126.9213287,영등포구 여의도동,img/portfolio/6.png
6,37.52867089,126.9191529,영등포구 여의도동,img/portfolio/7.png
7,37.58073697,127.0456258,동대문구 청량리동,img/portfolio/8.png
8,37.58042882,127.0449285,동대문구 청량리동,img/portfolio/9.png
9,37.58968976,127.0585128,동대문구 휘경동,img/portfolio/10.png
10,37.58980735,127.0617064,동대문구 휘경동,img/portfolio/11.png
11,37.58999205,127.0561767,동대문구 휘경동,img/portfolio/12.png
12,37.60646268,127.0280046,성북구 하월곡동,img/portfolio/13.png
13,37.60668955,127.0278257,성북구 길음동,img/portfolio/14.png
14,37.60299623,127.0227719,성북구 길음동,img/portfolio/15.png
15,37.60229403,127.0189377,성북구 정릉동,img/portfolio/16.png
16,37.59316309,127.0182565,성북구 동선동1가,img/portfolio/17.png
17,37.59145457,127.0196857,성북구 동선동1가,img/portfolio/18.png
18,37.54711308,126.9454499,마포구 염리동,img/portfolio/19.png
19,37.54619423,126.9524379,마포구 공덕동,img/portfolio/20.png
20,37.55262004,126.9237288,마포구 서교동,img/portfolio/21.png
21,37.52404278,126.9269277,영등포구 여의도동,img/portfolio/22.png
22,37.52326404,126.932494,영등포구 여의도동,img/portfolio/23.png
23,37.56534738,126.9011585,마포구 성산동,img/portfolio/24.png
24,37.57750628,126.9220405,서대문구 남가좌동,img/portfolio/25.png
25,37.57477066,127.0252635,동대문구 신설동,img/portfolio/26.png
26,37.55279911,126.9565715,마포구 아현동,img/portfolio/27.png
27,37.61680927,127.0491472,성북구 장위동,img/portfolio/28.png
28,37.61219376,127.0557606,성북구 장위동,img/portfolio/29.png
29,37.60895987,127.0525003,성북구 장위동,img/portfolio/30.png
30,37.60411665,127.0373325,성북구 하월곡동,img/portfolio/31.png
31,37.60155622,127.0330181,성북구 종암동,img/portfolio/32.png
32,37.57871193,127.0430897,동대문구 전농동,img/portfolio/33.png
33,37.56961459,127.064127,동대문구 답십리동,img/portfolio/34.png
34,37.59476212,127.0643103,동대문구 이문동,img/portfolio/35.png
35,37.51982085,126.9300255,영등포구 여의도동,img/portfolio/36.png
36,37.52048961,126.9285436,영등포구 여의도동,img/portfolio/37.png
37,37.52026654,126.9363836,영등포구 여의도동,img/portfolio/38.png
38,37.52492685,126.8966382,영등포구 당산동3가,img/portfolio/39.png
39,37.52567,126.8963917,영등포구 당산동3가,img/portfolio/40.png
40,37.52604691,126.8990548,영등포구 당산동3가,img/portfolio/41.png
41,37.51366494,126.8993285,영등포구 문래동1가,img/portfolio/42.png
42,37.5349461,126.896798,영등포구 양평동4가,img/portfolio/43.png
43,37.5113223,126.9129505,영등포구 신길동,img/portfolio/44.png
44,37.50409519,126.9033719,영등포구 신길동,img/portfolio/45.png
45,37.52756738,126.8639681,양천구 신정동,img/portfolio/46.png
46,37.55723439,126.9377992,서대문구 창천동,img/portfolio/47.png
47,37.51970848,126.8597535,양천구 신정동,img/portfolio/48.png
48,37.54151605,126.9482469,마포구 도화동,img/portfolio/49.png
49,37.53884761,126.9463155,마포구 마포동,img/portfolio/50.png
50,37.53940591,126.9461492,마포구 도화동,img/portfolio/51.png
51,37.55481396,126.9373636,마포구 노고산동,img/portfolio/52.png
52,37.55026919,126.9549191,마포구 아현동,img/portfolio/53.png
53,37.555768,126.9406823,마포구 노고산동,img/portfolio/54.png
54,37.55696397,126.9517083,마포구 아현동,img/portfolio/55.png
55,37.53471474,127.0944955,광진구 구의동,img/portfolio/56.png
56,37.49890991,127.0269039,서초구 서초동,img/portfolio/57.png
57,37.53464035,127.091897,광진구 구의동,img/portfolio/58.png
58,37.53792059,127.077404,광진구 자양동,img/portfolio/59.png
59,37.53568353,127.0837192,광진구 자양동,img/portfolio/60.png
60,37.53311757,127.0847557,광진구 자양동,img/portfolio/61.png
61,37.5722799,127.0742333,동대문구 장안동,img/portfolio/62.png
62,37.53114115,127.0844626,광진구 자양동,img/portfolio/63.png
63,37.53394432,127.0681548,광진구 자양동,img/portfolio/64.png
64,37.54197398,127.0641877,광진구 자양동,img/portfolio/65.png
65,37.54308508,127.071951,광진구 화양동,img/portfolio/66.png
66,37.54060906,127.0706952,광진구 화양동,img/portfolio/67.png
67,37.54926649,127.0708528,광진구 군자동,img/portfolio/68.png
68,37.55647358,127.0789098,광진구 군자동,img/portfolio/69.png
69,37.53190211,127.0798094,광진구 자양동,img/portfolio/70.png
70,37.53738821,127.0837165,광진구 자양동,img/portfolio/71.png
71,37.5359298,127.0663592,광진구 자양동,img/portfolio/72.png
72,37.56646896,126.9798424,중구 을지로1가,img/portfolio/73.png
73,37.56677475,126.9812117,중구 을지로1가,img/portfolio/74.png
74,37.567905,126.9797214,중구 무교동,img/portfolio/75.png
75,37.55419575,127.0104637,중구 신당동,img/portfolio/76.png
76,37.55562819,127.0108129,중구 신당동,img/portfolio/77.png
77,37.56596744,126.9897297,중구 을지로2가,img/portfolio/78.png
78,37.56562674,126.9728856,중구 정동,img/portfolio/79.png
79,37.55864899,126.9789807,중구 회현동1가,img/portfolio/80.png
80,37.5615048,126.9931149,중구 충무로3가,img/portfolio/81.png
81,37.56092697,126.9935582,중구 필동1가,img/portfolio/82.png
82,37.57545849,126.9354678,서대문구 연희동,img/portfolio/83.png
83,37.56237045,126.9696351,중구 순화동,img/portfolio/84.png
84,37.52618391,127.0006912,용산구 보광동,img/portfolio/85.png
85,37.5326674,126.9516162,용산구 원효로4가,img/portfolio/86.png
86,37.53384895,126.9638862,용산구 한강로3가,img/portfolio/87.png
87,37.53345601,126.9735852,용산구 한강로1가,img/portfolio/88.png
88,37.52997196,126.9689266,용산구 한강로2가,img/portfolio/89.png
89,37.52844344,126.9669577,용산구 한강로2가,img/portfolio/90.png
90,37.53078316,126.9958544,용산구 이태원동,img/portfolio/91.png
91,37.53062053,126.9909928,용산구 이태원동,img/portfolio/92.png
92,37.5484431,126.9698306,용산구 청파동1가,img/portfolio/93.png
93,37.53306041,126.9625249,용산구 한강로3가,img/portfolio/94.png
94,37.52542435,126.9622958,용산구 한강로3가,img/portfolio/95.png
95,37.53382062,126.9617362,용산구 신계동,img/portfolio/96.png
96,37.53388337,126.9583562,용산구 원효로3가,img/portfolio/97.png
97,37.52544868,126.9633792,용산구 한강로3가,img/portfolio/98.png
98,37.52542043,126.9645465,용산구 한강로3가,img/portfolio/99.png
99,37.53447091,126.9918184,용산구 이태원동,img/portfolio/100.png
100,37.53427325,126.9957036,용산구 이태원동,img/portfolio/101.png
101,37.53824371,127.0013552,용산구 한남동,img/portfolio/102.png
102,37.53694735,127.1478591,강동구 길동,img/portfolio/103.png
103,37.54996102,126.9773305,용산구 후암동,img/portfolio/104.png
104,37.55157606,126.9721067,용산구 동자동,img/portfolio/105.png
105,37.54476731,126.9668093,용산구 청파동3가,img/portfolio/106.png
106,37.56095474,126.9059076,마포구 성산동,img/portfolio/107.png
107,37.54366235,126.9725809,용산구 남영동,img/portfolio/108.png
108,37.54258728,126.9728659,용산구 남영동,img/portfolio/109.png
109,37.59780636,126.9099618,은평구 신사동,img/portfolio/110.png
110,37.60350699,126.9103446,은평구 역촌동,img/portfolio/111.png
111,37.60033276,126.9195064,은평구 응암동,img/portfolio/112.png
112,37.48685913,126.9824704,서초구 방배동,img/portfolio/113.png
113,37.56123372,126.9822012,중구 충무로1가,img/portfolio/114.png
114,37.58519417,126.9482319,서대문구 홍제동,img/portfolio/115.png
115,37.56182123,126.983,중구 명동2가,img/portfolio/116.png
116,37.56081146,126.9832757,중구 충무로1가,img/portfolio/117.png
117,37.5568838,126.9835569,중구 회현동2가,img/portfolio/118.png
118,37.5408347,126.9692542,용산구 원효로1가,img/portfolio/119.png
119,37.54018497,126.969201,용산구 원효로1가,img/portfolio/120.png
120,37.53695832,126.9694914,용산구 문배동,img/portfolio/121.png
121,37.53576854,126.9621171,용산구 원효로2가,img/portfolio/122.png
122,37.56441146,127.006462,중구 광희동1가,img/portfolio/123.png
123,37.55947202,126.9455156,서대문구 대현동,img/portfolio/124.png
124,37.6837814,127.0461507,도봉구 도봉동,img/portfolio/125.png
125,37.56163278,126.9856892,중구 충무로2가,img/portfolio/126.png
126,37.56169903,126.9860336,중구 충무로2가,img/portfolio/127.png
127,37.56060507,126.9856963,중구 남산동2가,img/portfolio/128.png
128,37.56126894,126.9879973,중구 충무로2가,img/portfolio/129.png
129,37.57225544,126.9845217,종로구 효제동,img/portfolio/130.png
130,37.57079477,126.9875161,종로구 인사동,img/portfolio/131.png
131,37.57342363,126.9982542,종로구 인의동,img/portfolio/132.png
132,37.58169164,127.0017786,종로구 명륜4가,img/portfolio/133.png
133,37.5742563,126.9583511,종로구 무악동,img/portfolio/134.png
134,37.5757876,127.0227588,종로구 숭인동,img/portfolio/135.png
135,37.57313132,127.0226115,종로구 숭인동,img/portfolio/136.png
136,37.57149712,126.9832003,종로구 공평동,img/portfolio/137.png
137,37.5694851,126.9895762,종로구 관수동,img/portfolio/138.png
138,37.56971603,126.9844142,종로구 관철동,img/portfolio/139.png
139,37.56947703,126.9885834,종로구 관철동,img/portfolio/140.png
140,37.5689934,126.9875261,종로구 관철동,img/portfolio/141.png
141,37.56701281,126.9656731,종로구 서린동,img/portfolio/142.png
142,37.57153119,126.9626852,종로구 홍파동,img/portfolio/143.png
143,37.57062547,126.9895961,종로구 종로2가,img/portfolio/144.png
144,37.57145333,126.9890702,종로구 낙원동,img/portfolio/145.png
145,37.5705125,126.9757599,종로구 신문로1가,img/portfolio/146.png
146,37.57001545,126.9746279,종로구 신문로1가,img/portfolio/147.png
147,37.57029157,126.9740683,종로구 신문로1가,img/portfolio/148.png
148,37.56946635,126.971056,종로구 신문로2가,img/portfolio/149.png
149,37.57615954,126.9844615,종로구 안국동,img/portfolio/150.png
150,37.57486654,127.0007583,종로구 연지동,img/portfolio/151.png
151,37.56913797,126.9978262,종로구 예지동,img/portfolio/152.png
152,37.56496162,127.0137387,중구 신당동,img/portfolio/153.png
153,37.5653817,127.0171857,중구 신당동,img/portfolio/154.png
154,37.5657248,127.0184148,중구 황학동,img/portfolio/155.png
155,37.56550829,127.0187178,중구 신당동,img/portfolio/156.png
156,37.56578838,127.0202991,중구 황학동,img/portfolio/157.png
157,37.5656728,127.021412,중구 황학동,img/portfolio/158.png
158,37.56508599,127.0234135,중구 신당동,img/portfolio/159.png
159,37.56088552,126.9679784,중구 중림동,img/portfolio/160.png
160,37.56166225,126.9701588,중구 순화동,img/portfolio/161.png
161,37.56007123,126.9738133,중구 봉래동1가,img/portfolio/162.png
162,37.55703075,126.9748556,중구 남대문로5가,img/portfolio/163.png
163,37.55795414,126.9754021,중구 남대문로5가,img/portfolio/164.png
164,37.55884083,126.9751724,중구 남대문로5가,img/portfolio/165.png
165,37.57055279,127.0263784,성동구 상왕십리동,img/portfolio/166.png
166,37.56392845,126.9803719,중구 소공동,img/portfolio/167.png
167,37.56386944,126.981008,중구 명동2가,img/portfolio/168.png
168,37.56548188,126.9837996,중구 을지로2가,img/portfolio/169.png
169,37.56548097,126.9841042,중구 을지로2가,img/portfolio/170.png
170,37.56451477,126.9840964,중구 을지로2가,img/portfolio/171.png
171,37.56384118,126.9823522,중구 남대문로2가,img/portfolio/172.png
172,37.56328583,126.9838662,중구 명동2가,img/portfolio/173.png
173,37.56295064,126.982406,중구 명동2가,img/portfolio/174.png
174,37.5623855,126.9817466,중구 소공동,img/portfolio/175.png
175,37.56669656,126.9884781,중구 을지로2가,img/portfolio/176.png
176,37.56518039,126.9872062,중구 을지로2가,img/portfolio/177.png
177,37.56569155,126.9877931,중구 저동1가,img/portfolio/178.png
178,37.56438022,126.9860486,중구 명동1가,img/portfolio/179.png
179,37.59879995,126.9147973,은평구 신사동,img/portfolio/180.png
180,37.63913096,127.0384192,도봉구 창동,img/portfolio/181.png
181,37.65331457,127.0487775,도봉구 창동,img/portfolio/182.png
182,37.61038131,126.9302401,은평구 불광동,img/portfolio/183.png
183,37.61172953,126.9290564,은평구 불광동,img/portfolio/184.png
184,37.56333635,127.0415886,성동구 마장동,img/portfolio/185.png
185,37.55810296,127.0410583,성동구 행당동,img/portfolio/186.png
186,37.5610415,127.0360225,성동구 행당동,img/portfolio/187.png
187,37.55845174,127.0341506,성동구 행당동,img/portfolio/188.png
188,37.55827469,127.0334107,성동구 행당동,img/portfolio/189.png
189,37.49965692,126.9990314,서초구 반포동,img/portfolio/190.png
190,37.49675767,126.9853422,서초구 방배동,img/portfolio/191.png
191,37.48601259,126.9856668,서초구 방배동,img/portfolio/192.png
192,37.4910355,126.9917653,서초구 방배동,img/portfolio/193.png
193,37.52113481,126.9694188,용산구 이촌동,img/portfolio/194.png
194,37.6461968,127.0530263,도봉구 창동,img/portfolio/195.png
195,37.48481279,127.0374462,서초구 양재동,img/portfolio/196.png
196,37.48334548,127.0421525,서초구 양재동,img/portfolio/197.png
197,37.48077892,127.0416421,서초구 양재동,img/portfolio/198.png
198,37.47877307,127.0389856,서초구 양재동,img/portfolio/199.png
199,37.47077749,127.0257447,서초구 우면동,img/portfolio/200.png
200,37.46969327,127.0413512,서초구 양재동,img/portfolio/201.png
201,37.49547802,127.0176033,서초구 서초동,img/portfolio/202.png
202,37.50291063,127.0127983,서초구 반포동,img/portfolio/203.png
203,37.50171156,127.0117293,서초구 반포동,img/portfolio/204.png
204,37.62346984,126.9197245,은평구 갈현동,img/portfolio/205.png
205,37.61838206,126.9216257,은평구 대조동,img/portfolio/206.png
206,37.60044219,126.9230069,은평구 응암동,img/portfolio/207.png
207,37.60092152,126.9337505,은평구 응암동,img/portfolio/208.png
208,37.53746949,126.872266,양천구 목동,img/portfolio/209.png
209,37.5881974,126.916658,은평구 응암동,img/portfolio/210.png
210,37.61244982,126.9155507,은평구 갈현동,img/portfolio/211.png
211,37.61414632,126.9102611,은평구 구산동,img/portfolio/212.png
212,37.58420971,126.897784,은평구 수색동,img/portfolio/213.png
213,37.57794842,126.901775,은평구 증산동,img/portfolio/214.png
214,37.62169419,126.926436,은평구 불광동,img/portfolio/215.png
215,37.60562595,126.9105909,은평구 역촌동,img/portfolio/216.png
216,37.52926843,127.124108,강동구 성내동,img/portfolio/217.png
217,37.53059258,127.1216243,강동구 성내동,img/portfolio/218.png
218,37.53292589,127.1217594,강동구 성내동,img/portfolio/219.png
219,37.53536348,127.128264,강동구 성내동,img/portfolio/220.png
220,37.53570302,127.1283633,강동구 성내동,img/portfolio/221.png
221,37.53273542,127.135769,강동구 성내동,img/portfolio/222.png
222,37.5303314,127.1308783,강동구 둔촌동,img/portfolio/223.png
223,37.65218428,127.0510968,도봉구 창동,img/portfolio/224.png
224,37.5946639,126.9184075,은평구 응암동,img/portfolio/225.png
225,37.55630398,127.0823637,광진구 중곡동,img/portfolio/226.png
226,37.56855468,127.0856179,광진구 중곡동,img/portfolio/227.png
227,37.53754479,127.0872644,광진구 구의동,img/portfolio/228.png
228,37.53685447,127.0845959,광진구 구의동,img/portfolio/229.png
229,37.54493866,127.0855395,광진구 구의동,img/portfolio/230.png
230,37.55229958,127.0898295,광진구 구의동,img/portfolio/231.png
231,37.54516462,127.0872945,광진구 구의동,img/portfolio/232.png
232,37.54462748,127.0903006,광진구 구의동,img/portfolio/233.png
233,37.56137732,126.9789154,중구 남대문로3가,img/portfolio/234.png
234,37.56908079,127.0117224,중구 신당동,img/portfolio/235.png
235,37.49244739,127.0300056,서초구 서초동,img/portfolio/236.png
236,37.49161216,127.0304084,서초구 서초동,img/portfolio/237.png
237,37.48934279,127.031349,서초구 서초동,img/portfolio/238.png
238,37.4877587,127.0321196,서초구 서초동,img/portfolio/239.png
239,37.48481525,127.0319089,서초구 서초동,img/portfolio/240.png
240,37.5016096,126.8772422,구로구 구로동,img/portfolio/241.png
241,37.49543192,126.8758866,구로구 구로동,img/portfolio/242.png
242,37.49393726,126.883211,구로구 구로동,img/portfolio/243.png
243,37.56277148,126.9852451,중구 명동2가,img/portfolio/244.png
244,37.56210405,126.9857783,중구 충무로2가,img/portfolio/245.png
245,37.56652119,127.0042483,중구 을지로6가,img/portfolio/246.png
246,37.52369665,127.134497,강동구 성내동,img/portfolio/247.png
247,37.53142179,127.1379682,강동구 둔촌동,img/portfolio/248.png
248,37.53421714,127.1447667,강동구 둔촌동,img/portfolio/249.png
249,37.53436204,127.1381973,강동구 길동,img/portfolio/250.png
250,37.53633998,127.1370748,강동구 길동,img/portfolio/251.png
251,37.5362967,127.1318046,강동구 천호동,img/portfolio/252.png
252,37.56184636,127.0609505,성동구 용답동,img/portfolio/253.png
253,37.52750575,126.9665563,용산구 한강로2가,img/portfolio/254.png
254,37.50641755,126.9013316,영등포구 신길동,img/portfolio/255.png
255,37.50099332,127.0040199,서초구 반포동,img/portfolio/256.png
256,37.51685275,127.0190703,서초구 잠원동,img/portfolio/257.png
257,37.51047611,127.019643,서초구 반포동,img/portfolio/258.png
258,37.50953151,126.9242941,동작구 대방동,img/portfolio/259.png
259,37.54716938,127.0481697,성동구 성수동1가,img/portfolio/260.png
260,37.54482618,127.0547937,성동구 성수동2가,img/portfolio/261.png
261,37.54414433,127.0569347,성동구 성수동2가,img/portfolio/262.png
262,37.54459943,127.0571018,성동구 성수동2가,img/portfolio/263.png
263,37.54803379,127.0621982,성동구 성수동2가,img/portfolio/264.png
264,37.64796194,127.0344992,도봉구 창동,img/portfolio/265.png
265,37.5481933,127.0671357,성동구 성수동2가,img/portfolio/266.png
266,37.54569279,127.0655149,성동구 성수동2가,img/portfolio/267.png
267,37.53931441,127.0464292,성동구 성수동1가,img/portfolio/268.png
268,37.5613195,126.9938348,중구 충무로4가,img/portfolio/269.png
269,37.56112017,127.0060984,중구 장충동1가,img/portfolio/270.png
270,37.56005935,127.0139315,중구 신당동,img/portfolio/271.png
271,37.56023077,126.9762075,중구 남대문로4가,img/portfolio/272.png
272,37.55957983,126.9722918,중구 봉래동1가,img/portfolio/273.png
273,37.55795238,126.972063,중구 봉래동1가,img/portfolio/274.png
274,37.56075779,126.9774569,중구 남대문로4가,img/portfolio/275.png
275,37.56676066,126.9898185,중구 을지로3가,img/portfolio/276.png
276,37.58583474,127.0007915,종로구 혜화동,img/portfolio/277.png
277,37.5848569,127.0010046,종로구 혜화동,img/portfolio/278.png
278,37.57792699,126.9857291,종로구 재동,img/portfolio/279.png
279,37.57523983,126.9729711,종로구 적선동,img/portfolio/280.png
280,37.57037043,126.9837812,종로구 종로2가,img/portfolio/281.png
281,37.57027564,126.9917802,종로구 종로3가,img/portfolio/282.png
282,37.57032543,126.9928116,종로구 종로3가,img/portfolio/283.png
283,37.5705344,126.9911442,종로구 종로3가,img/portfolio/284.png
284,37.57062627,126.9922414,종로구 종로3가,img/portfolio/285.png
285,37.57069026,126.9988196,종로구 종로4가,img/portfolio/286.png
286,37.57046963,126.9956194,종로구 종로4가,img/portfolio/287.png
287,37.57096182,126.9991015,종로구 종로4가,img/portfolio/288.png
288,37.57092223,127.004022,종로구 종로5가,img/portfolio/289.png
289,37.57008978,127.0018517,종로구 종로5가,img/portfolio/290.png
290,37.5043359,126.9217587,영등포구 신길동,img/portfolio/291.png
291,37.57117344,127.0017604,종로구 종로5가,img/portfolio/292.png
292,37.572132,127.0064952,종로구 종로6가,img/portfolio/293.png
293,37.5729255,127.0148677,종로구 창신동,img/portfolio/294.png
294,37.57217233,127.0123736,종로구 창신동,img/portfolio/295.png
295,37.57194167,127.0113757,종로구 창신동,img/portfolio/296.png
296,37.57192402,126.9803932,종로구 청진동,img/portfolio/297.png
297,37.57040184,126.9791756,종로구 청진동,img/portfolio/298.png
298,37.60610238,126.967768,종로구 평창동,img/portfolio/299.png
299,37.56769098,126.9687518,중구 충정로1가,img/portfolio/300.png
300,37.56891935,126.9763698,중구 태평로1가,img/portfolio/301.png
301,37.56781667,126.9791575,중구 무교동,img/portfolio/302.png
302,37.5612581,126.9784409,중구 을지로2가,img/portfolio/303.png
303,37.55960647,126.9797991,중구 을지로1가,img/portfolio/304.png
304,37.57303554,126.9836441,종로구 견지동,img/portfolio/305.png
305,37.57436563,126.9869894,종로구 경운동,img/portfolio/306.png
306,37.57399491,126.972967,종로구 내수동,img/portfolio/307.png
307,37.5723896,126.9744676,종로구 당주동,img/portfolio/308.png
308,37.57250035,126.990871,종로구 돈의동,img/portfolio/309.png
309,37.58129001,126.9360641,서대문구 홍은동,img/portfolio/310.png
310,37.5005036,126.9094691,영등포구 신길동,img/portfolio/311.png
311,37.57094457,127.0126377,종로구 창신동,img/portfolio/312.png
312,37.56680779,126.9925184,중구 을지로3가,img/portfolio/313.png
313,37.56470522,126.9909368,중구 초동,img/portfolio/314.png
314,37.56410147,126.9925197,중구 초동,img/portfolio/315.png
315,37.564558,126.9933798,중구 초동,img/portfolio/316.png
316,37.56502453,126.9934188,중구 인현동1가,img/portfolio/317.png
317,37.56306986,126.9932641,중구 인현동1가,img/portfolio/318.png
318,37.56557939,126.9953684,중구 인현동1가,img/portfolio/319.png
319,37.56594082,126.9962872,중구 을지로4가,img/portfolio/320.png
320,37.56443247,126.9960167,중구 인현동2가,img/portfolio/321.png
321,37.56568553,126.9660774,서대문구 충정로2가,img/portfolio/322.png
322,37.56248518,126.9961951,중구 충무로4가,img/portfolio/323.png
323,37.56287312,126.9983083,중구 충무로4가,img/portfolio/324.png
324,37.55557581,127.0112485,중구 신당동,img/portfolio/325.png
325,37.56249672,127.0002339,중구 묵정동,img/portfolio/326.png
326,37.56680465,126.99091,중구 을지로3가,img/portfolio/327.png
327,37.56920006,127.0143143,중구 신당동,img/portfolio/328.png
328,37.56603029,127.001601,중구 을지로5가,img/portfolio/329.png
329,37.56361575,126.9751241,중구 서소문동,img/portfolio/330.png
330,37.56373793,126.9788476,중구 소공동,img/portfolio/331.png
331,37.5643838,126.9765586,중구 태평로2가,img/portfolio/332.png
332,37.56427499,126.9760776,중구 서소문동,img/portfolio/333.png
333,37.56361453,126.9758111,중구 서소문동,img/portfolio/334.png
334,37.56332929,126.9769582,중구 태평로2가,img/portfolio/335.png
335,37.56230666,126.976055,중구 태평로2가,img/portfolio/336.png
336,37.56196961,126.9774035,중구 북창동,img/portfolio/337.png
337,37.53862868,127.1279552,강동구 천호동,img/portfolio/338.png
338,37.53920775,127.1234689,강동구 천호동,img/portfolio/339.png
339,37.54028503,127.1238615,강동구 천호동,img/portfolio/340.png
340,37.54105285,127.1244285,강동구 천호동,img/portfolio/341.png
341,37.54012973,127.1283696,강동구 천호동,img/portfolio/342.png
342,37.48405403,127.0173381,서초구 서초동,img/portfolio/343.png
343,37.48618237,127.0209831,서초구 서초동,img/portfolio/344.png
344,37.48484279,127.014825,서초구 서초동,img/portfolio/345.png
345,37.48475901,127.015745,서초구 서초동,img/portfolio/346.png
346,37.48455105,127.0130802,서초구 서초동,img/portfolio/347.png
347,37.48258795,127.0046962,서초구 서초동,img/portfolio/348.png
348,37.48314006,127.0121434,서초구 서초동,img/portfolio/349.png
349,37.48601808,127.0103239,서초구 서초동,img/portfolio/350.png
350,37.48387457,127.0172499,서초구 서초동,img/portfolio/351.png
351,37.48785051,127.0125792,서초구 서초동,img/portfolio/352.png
352,37.48823488,127.0138561,서초구 서초동,img/portfolio/353.png
353,37.49308063,127.0126768,서초구 서초동,img/portfolio/354.png
354,37.49405037,127.0141382,서초구 서초동,img/portfolio/355.png
355,37.51429654,127.0112236,서초구 잠원동,img/portfolio/356.png
356,37.50867635,127.0115542,서초구 잠원동,img/portfolio/357.png
357,37.51504849,127.0152715,서초구 잠원동,img/portfolio/358.png
358,37.50564881,127.0025375,서초구 잠원동,img/portfolio/359.png
359,37.48888141,127.0165484,서초구 서초동,img/portfolio/360.png
360,37.50358667,127.0208917,서초구 반포동,img/portfolio/361.png
361,37.47209952,127.0459127,서초구 양재동,img/portfolio/362.png
362,37.47724171,127.000628,서초구 방배동,img/portfolio/363.png
363,37.47837978,126.9998675,서초구 방배동,img/portfolio/364.png
364,37.48115774,126.998022,서초구 방배동,img/portfolio/365.png
365,37.49363637,126.9900968,서초구 방배동,img/portfolio/366.png
366,37.54635992,127.144956,강동구 명일동,img/portfolio/367.png
367,37.55148599,127.143923,강동구 명일동,img/portfolio/368.png
368,37.54722158,127.1347676,강동구 천호동,img/portfolio/369.png
369,37.54769498,127.1433039,강동구 천호동,img/portfolio/370.png
370,37.53507006,127.1391648,강동구 길동,img/portfolio/371.png
371,37.53883596,127.1405226,강동구 길동,img/portfolio/372.png
372,37.53799137,127.1434787,강동구 길동,img/portfolio/373.png
373,37.55054348,127.1456702,강동구 명일동,img/portfolio/374.png
374,37.55198296,127.1529694,강동구 명일동,img/portfolio/375.png
375,37.55869092,127.1516923,강동구 고덕동,img/portfolio/376.png
376,37.55484472,127.1376201,강동구 암사동,img/portfolio/377.png
377,37.55097935,127.1717086,강동구 상일동,img/portfolio/378.png
378,37.54657691,126.9813839,용산구 후암동,img/portfolio/379.png
379,37.50881083,126.9402515,동작구 노량진동,img/portfolio/380.png
380,37.48669654,126.9820129,동작구 사당동,img/portfolio/381.png
381,37.47996651,126.9816415,동작구 사당동,img/portfolio/382.png
382,37.48867078,126.9722199,동작구 사당동,img/portfolio/383.png
383,37.48380871,126.9729805,동작구 사당동,img/portfolio/384.png
384,37.50132496,126.9494633,동작구 상도1동,img/portfolio/385.png
385,37.50451325,126.9468557,동작구 상도동,img/portfolio/386.png
386,37.49897752,126.9283883,동작구 대방동,img/portfolio/387.png
387,37.49790633,126.9279073,동작구 신대방동,img/portfolio/388.png
388,37.48965231,126.9072886,동작구 신대방동,img/portfolio/389.png
389,37.49816195,126.9212848,동작구 대방동,img/portfolio/390.png
390,37.50020255,126.9206207,동작구 대방동,img/portfolio/391.png
391,37.55600709,126.9365726,서대문구 창천동,img/portfolio/392.png
392,37.48993663,127.0088363,서초구 서초동,img/portfolio/393.png
393,37.5134105,126.9436394,동작구 노량진동,img/portfolio/394.png
394,37.51203418,126.9442109,동작구 노량진동,img/portfolio/395.png
395,37.51343437,126.9462278,동작구 노량진동,img/portfolio/396.png
396,37.51315629,126.9356995,동작구 노량진동,img/portfolio/397.png
397,37.51335113,126.9389839,동작구 노량진동,img/portfolio/398.png
398,37.56814424,126.9819372,중구 다동,img/portfolio/399.png
399,37.56707078,126.9831121,중구 삼각동,img/portfolio/400.png
400,37.56747505,126.9895475,중구 수표동,img/portfolio/401.png
401,37.56600768,126.9868828,중구 을지로2가,img/portfolio/402.png
402,37.56864586,126.9981135,중구 주교동,img/portfolio/403.png
403,37.56697551,126.9976857,중구 을지로4가,img/portfolio/404.png
404,37.51161957,126.922897,영등포구 신길동,img/portfolio/405.png
405,37.54794874,127.0449081,성동구 성수동1가,img/portfolio/406.png
406,37.56714741,127.002058,중구 을지로5가,img/portfolio/407.png
407,37.56737169,127.006223,중구 을지로6가,img/portfolio/408.png
408,37.56768838,127.0086507,중구 충무로1가,img/portfolio/409.png
409,37.49440259,127.0133834,서초구 서초동,img/portfolio/410.png
410,37.49379123,127.0158751,서초구 서초동,img/portfolio/411.png
411,37.51440832,126.8608724,양천구 신정동,img/portfolio/412.png
412,37.54667164,127.1721048,강동구 상일동,img/portfolio/413.png
413,37.55350082,127.1441559,강동구 명일동,img/portfolio/414.png
414,37.55086133,127.1654112,강동구 상일동,img/portfolio/415.png
415,37.54909579,127.1525506,강동구 명일동,img/portfolio/416.png
416,37.49705853,126.9032175,영등포구 대림동,img/portfolio/417.png
417,37.56831164,126.9950699,중구 산림동,img/portfolio/418.png
418,37.48388782,126.9278019,관악구 신림동,img/portfolio/419.png
419,37.48146065,126.9288177,관악구 신림동,img/portfolio/420.png
420,37.48212517,126.9151376,관악구 신림동,img/portfolio/421.png
421,37.48013521,126.9045015,관악구 신림동,img/portfolio/422.png
422,37.48302401,126.9018664,관악구 신림동,img/portfolio/423.png
423,37.48412804,126.9027803,관악구 신림동,img/portfolio/424.png
424,37.6244968,127.0862008,노원구 공릉동,img/portfolio/425.png
425,37.61663207,127.0623271,노원구 월계동,img/portfolio/426.png
426,37.62172775,127.05941,노원구 월계동,img/portfolio/427.png
427,37.63670326,127.0692526,노원구 하계동,img/portfolio/428.png
428,37.64997311,127.0616363,노원구 상계동,img/portfolio/429.png
429,37.64487388,127.0696393,노원구 중계동,img/portfolio/430.png
430,37.64745708,127.0743506,노원구 중계동,img/portfolio/431.png
431,37.65757742,127.0752907,노원구 중계동,img/portfolio/432.png
432,37.53914664,126.8272217,양천구 신월동,img/portfolio/433.png
433,37.48146899,126.8812263,금천구 가산동,img/portfolio/434.png
434,37.47617793,126.8893455,금천구 가산동,img/portfolio/435.png
435,37.46661406,126.8949664,금천구 독산동,img/portfolio/436.png
436,37.46869789,126.8976561,금천구 독산동,img/portfolio/437.png
437,37.47975906,126.9041161,금천구 독산동,img/portfolio/438.png
438,37.48064884,126.9091712,금천구 독산동,img/portfolio/439.png
439,37.47260007,126.8987324,금천구 독산동,img/portfolio/440.png
440,37.51905319,127.1083108,송파구 신천동,img/portfolio/441.png
441,37.51979565,127.1042292,송파구 신천동,img/portfolio/442.png
442,37.52981553,127.11512,송파구 풍납동,img/portfolio/443.png
443,37.63872113,127.0261766,강북구 수유동,img/portfolio/444.png
444,37.65613062,127.013149,강북구 우이동,img/portfolio/445.png
445,37.64771673,127.0625505,노원구 상계동,img/portfolio/446.png
446,37.65591306,127.0620716,노원구 상계동,img/portfolio/447.png
447,37.67061142,127.0795723,노원구 상계동,img/portfolio/448.png
448,37.62895639,127.0548785,노원구 월계동,img/portfolio/449.png
449,37.62353903,127.0738512,노원구 공릉동,img/portfolio/450.png
450,37.62759632,127.0782979,노원구 공릉동,img/portfolio/451.png
451,37.52302961,127.0375197,강남구 신사동,img/portfolio/452.png
452,37.49845191,127.0695354,강남구 대치동,img/portfolio/453.png
453,37.59398324,127.0755758,중랑구 중화동,img/portfolio/454.png
454,37.61261532,127.0771339,중랑구 묵동,img/portfolio/455.png
455,37.59479534,127.0860893,중랑구 상봉동,img/portfolio/456.png
456,37.58415362,127.0878908,중랑구 면목동,img/portfolio/457.png
457,37.58857687,127.0876841,중랑구 면목동,img/portfolio/458.png
458,37.58998216,127.0937319,중랑구 망우동,img/portfolio/459.png
459,37.5866241,127.0802143,중랑구 면목동,img/portfolio/460.png
460,37.58071248,127.087926,중랑구 면목동,img/portfolio/461.png
461,37.47594266,126.98132,관악구 남현동,img/portfolio/462.png
462,37.4764376,126.9770348,관악구 남현동,img/portfolio/463.png
463,37.47805133,126.9614859,관악구 봉천동,img/portfolio/464.png
464,37.48354984,126.9546928,관악구 봉천동,img/portfolio/465.png
465,37.48521985,126.9560723,관악구 봉천동,img/portfolio/466.png
466,37.47908351,126.9522071,관악구 봉천동,img/portfolio/467.png
467,37.48162887,126.9478008,관악구 봉천동,img/portfolio/468.png
468,37.48208791,126.9430975,관악구 봉천동,img/portfolio/469.png
469,37.56788553,127.0524399,동대문구 답십리동,img/portfolio/470.png
470,37.56661548,127.0368068,성동구 마장동,img/portfolio/471.png
471,37.56616149,127.045114,성동구 마장동,img/portfolio/472.png
472,37.48898127,126.82386,구로구 온수동,img/portfolio/473.png
473,37.50490445,127.0248152,강남구 논현동,img/portfolio/474.png
474,37.50061057,127.0351733,강남구 역삼동,img/portfolio/475.png
475,37.50344247,127.0439228,강남구 역삼동,img/portfolio/476.png
476,37.49698925,127.0284066,강남구 역삼동,img/portfolio/477.png
477,37.49341665,127.0619637,강남구 대치동,img/portfolio/478.png
478,37.4775322,127.0452468,강남구 개포동,img/portfolio/479.png
479,37.4790003,127.0476313,강남구 개포동,img/portfolio/480.png
480,37.47426269,127.048359,강남구 개포동,img/portfolio/481.png
481,37.48300709,127.0608355,강남구 개포동,img/portfolio/482.png
482,37.48824924,127.0667146,강남구 개포동,img/portfolio/483.png
483,37.48903666,127.0746863,강남구 일원동,img/portfolio/484.png
484,37.51679986,127.0359082,강남구 논현동,img/portfolio/485.png
485,37.50908451,127.0227129,강남구 논현동,img/portfolio/486.png
486,37.51538563,127.0361723,강남구 논현동,img/portfolio/487.png
487,37.5136824,127.0428148,강남구 삼성동,img/portfolio/488.png
488,37.5767022,127.0840686,중랑구 면목동,img/portfolio/489.png
489,37.57408937,127.0804854,중랑구 면목동,img/portfolio/490.png
490,37.59819809,127.0772441,중랑구 망우동,img/portfolio/491.png
491,37.61688543,127.0902325,중랑구 신내동,img/portfolio/492.png
492,37.58956277,127.096777,중랑구 면목동,img/portfolio/493.png
493,37.51902506,127.0524698,강남구 삼성동,img/portfolio/494.png
494,37.50999777,127.0657208,강남구 삼성동,img/portfolio/495.png
495,37.51337881,127.0518197,강남구 삼성동,img/portfolio/496.png
496,37.50538986,127.0267486,강남구 논현동,img/portfolio/497.png
497,37.50244615,127.0259211,강남구 역삼동,img/portfolio/498.png
498,37.50792884,127.0590504,강남구 삼성동,img/portfolio/499.png
499,37.51062451,127.0549122,강남구 삼성동,img/portfolio/500.png
500,37.50196668,127.0361688,강남구 역삼동,img/portfolio/501.png
501,37.49925183,127.0307444,강남구 역삼동,img/portfolio/502.png
502,37.49867396,127.0288661,강남구 역삼동,img/portfolio/503.png
503,37.49815128,127.029383,강남구 역삼동,img/portfolio/504.png
504,37.49931938,127.0330614,강남구 역삼동,img/portfolio/505.png
505,37.50097003,127.0362063,강남구 역삼동,img/portfolio/506.png
506,37.49915404,127.037492,강남구 역삼동,img/portfolio/507.png
507,37.52857138,127.0402563,강남구 압구정동,img/portfolio/508.png
508,37.50108438,127.0271641,강남구 역삼동,img/portfolio/509.png
509,37.55929557,126.937138,서대문구 창천동,img/portfolio/510.png
510,37.55594427,126.9350364,서대문구 창천동,img/portfolio/511.png
511,37.51477953,127.0619511,강남구 삼성동,img/portfolio/512.png
512,37.45586097,126.894921,금천구 시흥동,img/portfolio/513.png
513,37.44265209,126.9039079,금천구 시흥동,img/portfolio/514.png
514,37.46259505,126.9086442,금천구 시흥동,img/portfolio/515.png
515,37.45110153,126.9089463,금천구 시흥동,img/portfolio/516.png
516,37.52086679,127.0582123,강남구 청담동,img/portfolio/517.png
517,37.51128729,127.0230408,강남구 논현동,img/portfolio/518.png
518,37.4941194,127.0343142,강남구 역삼동,img/portfolio/519.png
519,37.50758217,127.0341299,강남구 논현동,img/portfolio/520.png
520,37.52872265,127.0358628,강남구 신사동,img/portfolio/521.png
521,37.52024202,127.0277702,강남구 신사동,img/portfolio/522.png
522,37.52428222,127.0448082,강남구 청담동,img/portfolio/523.png
523,37.52044822,127.0377522,강남구 논현동,img/portfolio/524.png
524,37.56932419,126.9314659,서대문구 연희동,img/portfolio/525.png
525,37.48717726,126.9134398,관악구 신림동,img/portfolio/526.png
526,37.48106776,126.9147595,관악구 신림동,img/portfolio/527.png
527,37.48100573,126.9108181,관악구 신림동,img/portfolio/528.png
528,37.46380253,126.918934,관악구 신림동,img/portfolio/529.png
529,37.48236653,126.9433624,관악구 봉천동,img/portfolio/530.png
530,37.48457728,126.9371919,관악구 봉천동,img/portfolio/531.png
531,37.48615104,126.9391449,관악구 봉천동,img/portfolio/532.png
532,37.48660465,126.9471025,관악구 봉천동,img/portfolio/533.png
533,37.47255276,126.933604,관악구 신림동,img/portfolio/534.png
534,37.6608897,127.0715968,노원구 상계동,img/portfolio/535.png
535,37.65242133,127.0609568,노원구 상계동,img/portfolio/536.png
536,37.65405783,127.0633546,노원구 상계동,img/portfolio/537.png
537,37.6545151,127.0620572,노원구 상계동,img/portfolio/538.png
538,37.6770198,127.055509,노원구 상계동,img/portfolio/539.png
539,37.66594709,127.0576557,노원구 상계동,img/portfolio/540.png
540,37.45347093,126.9038328,금천구 시흥동,img/portfolio/541.png
541,37.45418782,126.9010305,금천구 시흥동,img/portfolio/542.png
542,37.43573229,126.9032945,금천구 시흥동,img/portfolio/543.png
543,37.59299085,127.0166171,성북구 동선동4가,img/portfolio/544.png
544,37.52537408,126.8643044,양천구 신정동,img/portfolio/545.png
545,37.50937624,126.8441223,양천구 신월동,img/portfolio/546.png
546,37.52214158,126.8735428,양천구 신정동,img/portfolio/547.png
547,37.62694917,127.0257573,강북구 미아동,img/portfolio/548.png
548,37.63408386,127.0235378,강북구 미아동,img/portfolio/549.png
549,37.61502348,127.0293883,강북구 미아동,img/portfolio/550.png
550,37.61835976,127.021313,강북구 미아동,img/portfolio/551.png
551,37.50107693,127.0388886,강남구 역삼동,img/portfolio/552.png
552,37.64107245,127.0291426,강북구 번동,img/portfolio/553.png
553,37.64113633,127.0167757,강북구 수유동,img/portfolio/554.png
554,37.64114426,127.0288107,강북구 수유동,img/portfolio/555.png
555,37.49329682,127.0640696,강남구 대치동,img/portfolio/556.png
556,37.54176223,126.8398794,강서구 화곡동,img/portfolio/557.png
557,37.54814494,126.8361924,강서구 내발산동,img/portfolio/558.png
558,37.55814101,126.8383828,강서구 내발산동,img/portfolio/559.png
559,37.57221672,126.8064591,강서구 방화동,img/portfolio/560.png
560,37.56451948,126.8115061,강서구 방화동,img/portfolio/561.png
561,37.56903825,126.8136563,강서구 방화동,img/portfolio/562.png
562,37.58224674,126.9132628,서대문구 북가좌동,img/portfolio/563.png
563,37.55396546,126.9346314,마포구 노고산동,img/portfolio/564.png
564,37.49768202,126.898894,영등포구 대림동,img/portfolio/565.png
565,37.54897804,126.9117758,마포구 합정동,img/portfolio/566.png
566,37.4947275,126.8888774,구로구 구로동,img/portfolio/567.png
567,37.48585221,126.8960856,구로구 구로동,img/portfolio/568.png
568,37.485176,126.8866989,구로구 구로동,img/portfolio/569.png
569,37.48788239,126.8849412,구로구 구로동,img/portfolio/570.png
570,37.50343146,126.8806949,구로구 구로동,img/portfolio/571.png
571,37.49398282,126.8988358,영등포구 대림동,img/portfolio/572.png
572,37.50284684,126.8884159,구로구 구로동,img/portfolio/573.png
573,37.50791346,126.8914873,구로구 구로동,img/portfolio/574.png
574,37.49394048,126.8942196,구로구 구로동,img/portfolio/575.png
575,37.5098205,126.889035,구로구 신도림동,img/portfolio/576.png
576,37.48238382,126.8955107,구로구 구로동,img/portfolio/577.png
577,37.49176367,126.8948052,구로구 구로동,img/portfolio/578.png
578,37.48572441,126.8929688,구로구 구로동,img/portfolio/579.png
579,37.47932959,126.8901998,구로구 오류동,img/portfolio/580.png
580,37.50316869,126.8620299,구로구 고척동,img/portfolio/581.png
581,37.49201772,126.8562224,구로구 개봉동,img/portfolio/582.png
582,37.49336325,126.8583881,구로구 구로동,img/portfolio/583.png
583,37.50379082,127.0476587,강남구 역삼동,img/portfolio/584.png
584,37.50467772,127.0508232,강남구 대치동,img/portfolio/585.png
585,37.50801242,127.0630091,강남구 대치동,img/portfolio/586.png
586,37.50324171,127.0582368,강남구 대치동,img/portfolio/587.png
587,37.4938326,127.0398583,강남구 역삼동,img/portfolio/588.png
588,37.4881869,127.0528546,강남구 도곡동,img/portfolio/589.png
589,37.49647421,127.0526245,강남구 역삼동,img/portfolio/590.png
590,37.49861878,127.0591173,강남구 대치동,img/portfolio/591.png
591,37.49086932,127.0352221,강남구 역삼동,img/portfolio/592.png
592,37.50565642,127.0487174,강남구 삼성동,img/portfolio/593.png
593,37.58758812,127.0379004,동대문구 제기동,img/portfolio/594.png
594,37.50043346,127.0969826,송파구 석촌동,img/portfolio/595.png
595,37.55251077,126.8500795,강서구 화곡동,img/portfolio/596.png
596,37.49863419,127.0614167,강남구 대치동,img/portfolio/597.png
597,37.49192988,127.0387646,강남구 역삼동,img/portfolio/598.png
598,37.49582816,127.0630898,강남구 대치동,img/portfolio/599.png
599,37.48600716,127.0454216,강남구 도곡동,img/portfolio/600.png
600,37.59309549,127.0732869,중랑구 상봉동,img/portfolio/601.png
601,37.59344465,127.074722,중랑구 상봉동,img/portfolio/602.png
602,37.59532079,127.0820505,중랑구 상봉동,img/portfolio/603.png
603,37.49308779,127.1451101,송파구 거여동,img/portfolio/604.png
604,37.48815571,127.1314265,송파구 문정동,img/portfolio/605.png
605,37.4953483,127.1231904,송파구 가락동,img/portfolio/606.png
606,37.49001695,127.1237154,송파구 문정동,img/portfolio/607.png
607,37.49543099,127.1173757,송파구 가락동,img/portfolio/608.png
608,37.50875959,127.0872934,송파구 잠실동,img/portfolio/609.png
609,37.55803244,126.9232237,마포구 동교동,img/portfolio/610.png
610,37.50475612,127.1055071,송파구 석촌동,img/portfolio/611.png
611,37.51424098,127.0989745,송파구 잠실동,img/portfolio/612.png
612,37.51434802,127.0997286,송파구 신천동,img/portfolio/613.png
613,37.51870375,127.0250813,강남구 신사동,img/portfolio/614.png
614,37.51959038,127.0288271,강남구 논현동,img/portfolio/615.png
615,37.52367816,127.0451448,강남구 청담동,img/portfolio/616.png
616,37.51822752,127.0435166,강남구 청담동,img/portfolio/617.png
617,37.51717201,127.0405174,강남구 논현동,img/portfolio/618.png
618,37.48733999,127.1032187,강남구 수서동,img/portfolio/619.png
619,37.50598354,127.0526277,강남구 삼성동,img/portfolio/620.png
620,37.52800871,127.0307634,강남구 신사동,img/portfolio/621.png
621,37.50936238,127.0665015,강남구 대치동,img/portfolio/622.png
622,37.50747046,127.0597315,강남구 대치동,img/portfolio/623.png
623,37.50152047,127.0403365,강남구 역삼동,img/portfolio/624.png
624,37.49030084,127.0316405,강남구 역삼동,img/portfolio/625.png
625,37.51262157,127.065429,강남구 삼성동,img/portfolio/626.png
626,37.54597694,126.9526928,마포구 공덕동,img/portfolio/627.png
627,37.67265361,127.0445715,도봉구 도봉동,img/portfolio/628.png
628,37.52656987,127.0282426,강남구 신사동,img/portfolio/629.png
629,37.52535503,127.0254412,강남구 신사동,img/portfolio/630.png
630,37.5241098,127.0229302,강남구 신사동,img/portfolio/631.png
631,37.52292477,127.0210078,강남구 신사동,img/portfolio/632.png
632,37.52107933,126.9294309,영등포구 여의도동,img/portfolio/633.png
633,37.58154365,127.0471525,동대문구 전농동,img/portfolio/634.png
634,37.5197314,126.9067655,영등포구 영등포동5가,img/portfolio/635.png
635,37.53422674,126.9010083,영등포구 당산동5가,img/portfolio/636.png
636,37.58078953,126.9118895,서대문구 남가좌동,img/portfolio/637.png
637,37.57618796,127.0306816,동대문구 용두동,img/portfolio/638.png
638,37.57157718,127.071135,동대문구 장안동,img/portfolio/639.png
639,37.57933107,127.0420666,동대문구 제기동,img/portfolio/640.png
640,37.58891947,127.0168507,성북구 삼선동5가,img/portfolio/641.png
641,37.58506226,126.914947,서대문구 북가좌동,img/portfolio/642.png
642,37.65166614,127.0128525,도봉구 쌍문동,img/portfolio/643.png
643,37.51641626,126.9061465,영등포구 영등포동4가,img/portfolio/644.png
644,37.58263878,127.0479266,동대문구 청량리동,img/portfolio/645.png
645,37.52515629,126.9052209,영등포구 영등포동7가,img/portfolio/646.png
646,37.57314426,127.0573601,동대문구 답십리동,img/portfolio/647.png
647,37.59550482,127.0595429,동대문구 이문동,img/portfolio/648.png
648,37.5192961,126.9323189,영등포구 여의도동,img/portfolio/649.png
649,37.54317161,126.9523504,마포구 신공덕동,img/portfolio/650.png
650,37.52154682,126.926824,영등포구 여의도동,img/portfolio/651.png
651,37.4967174,126.9141437,영등포구 신길동,img/portfolio/652.png
652,37.59068086,127.0779042,중랑구 면목동,img/portfolio/653.png
653,37.51505382,127.0349716,강남구 논현동,img/portfolio/654.png
654,37.52138601,127.0344786,강남구 논현동,img/portfolio/655.png
655,37.61323576,127.0299701,강북구 미아동,img/portfolio/656.png
656,37.52257781,126.9091857,영등포구 영등포동2가,img/portfolio/657.png
657,37.51969824,126.9036404,영등포구 영등포동4가,img/portfolio/658.png
658,37.45486157,126.9002426,금천구 시흥동,img/portfolio/659.png
659,37.51922499,126.9091433,영등포구 영등포동2가,img/portfolio/660.png
660,37.51786656,126.9093728,영등포구 영등포동3가,img/portfolio/661.png
661,37.52307405,126.9236039,영등포구 여의도동,img/portfolio/662.png
662,37.51053675,127.0629134,강남구 삼성동,img/portfolio/663.png
663,37.56122131,126.8104744,강서구 공항동,img/portfolio/664.png
664,37.61542335,127.0780392,중랑구 묵동,img/portfolio/665.png
665,37.52317389,126.9293691,영등포구 여의도동,img/portfolio/666.png
666,37.60717601,127.0953733,중랑구 신내동,img/portfolio/667.png
667,37.56956341,126.9150185,서대문구 남가좌동,img/portfolio/668.png
668,37.58851538,126.9447576,서대문구 홍제동,img/portfolio/669.png
669,37.55929433,126.9367872,서대문구 창천동,img/portfolio/670.png
670,37.55771593,126.9375585,서대문구 창천동,img/portfolio/671.png
671,37.59429615,127.0934669,중랑구 망우동,img/portfolio/672.png
672,37.55757789,126.9566869,서대문구 북아현동,img/portfolio/673.png
673,37.55853826,126.9277772,서대문구 창천동,img/portfolio/674.png
674,37.51350444,126.9259946,영등포구 신길동,img/portfolio/675.png
675,37.62196115,127.0277652,강북구 미아동,img/portfolio/676.png
676,37.64329292,127.02204,강북구 수유동,img/portfolio/677.png
677,37.6361024,127.022967,강북구 수유동,img/portfolio/678.png
678,37.54780299,127.071277,광진구 화양동,img/portfolio/679.png
679,37.57662119,127.0578786,동대문구 전농동,img/portfolio/680.png
680,37.53429306,126.9736427,용산구 한강로1가,img/portfolio/681.png
681,37.51303176,127.0281256,강남구 논현동,img/portfolio/682.png
682,37.55688503,126.9235325,마포구 동교동,img/portfolio/683.png
683,37.49093292,126.9273833,관악구 봉천동,img/portfolio/684.png
684,37.55457311,126.9460523,마포구 대흥동,img/portfolio/685.png
685,37.59688605,127.0604287,동대문구 이문동,img/portfolio/686.png
686,37.57592667,127.039851,동대문구 용두동,img/portfolio/687.png
687,37.56112322,126.9951685,중구 필동2가,img/portfolio/688.png
688,37.55170338,126.9690977,용산구 서계동,img/portfolio/689.png
689,37.53728945,127.1227178,송파구 풍납동,img/portfolio/690.png
690,37.51991045,126.9275532,영등포구 여의도동,img/portfolio/691.png
691,37.5550211,126.8655927,강서구 등촌동,img/portfolio/692.png
692,37.57999816,127.0383441,동대문구 제기동,img/portfolio/693.png
693,37.54176361,126.97173,용산구 갈월동,img/portfolio/694.png
694,37.56180368,126.9270513,마포구 연남동,img/portfolio/695.png
695,37.5480289,126.8667995,양천구 목동,img/portfolio/696.png
696,37.53931567,126.9442352,마포구 마포동,img/portfolio/697.png
697,37.5827861,127.0300417,동대문구 제기동,img/portfolio/698.png
698,37.65264786,127.0459849,도봉구 창동,img/portfolio/699.png
699,37.55712406,127.1686195,강동구 고덕동,img/portfolio/700.png
700,37.65153745,127.046468,도봉구 창동,img/portfolio/701.png
701,37.51837081,126.9118007,영등포구 영등포동3가,img/portfolio/702.png
702,37.50333484,127.0360646,강남구 역삼동,img/portfolio/703.png
703,37.58294134,127.0444777,동대문구 청량리동,img/portfolio/704.png
704,37.54415807,126.9528854,마포구 공덕동,img/portfolio/705.png
705,37.53518917,127.0948786,광진구 구의동,img/portfolio/706.png
706,37.55507348,126.9158641,마포구 서교동,img/portfolio/707.png
707,37.49394995,126.8953243,영등포구 대림동,img/portfolio/708.png
708,37.55532313,126.9558072,마포구 공덕동,img/portfolio/709.png
709,37.61939325,127.0209534,강북구 미아동,img/portfolio/710.png
710,37.50097587,126.8509145,구로구 오류동,img/portfolio/711.png
711,37.58044867,127.0226316,성북구 보문동7가,img/portfolio/712.png
712,37.57829238,127.0371163,동대문구 제기동,img/portfolio/713.png
713,37.51902866,126.9067772,영등포구 영등포동3가,img/portfolio/714.png
714,37.5211911,126.9047723,영등포구 영등포동6가,img/portfolio/715.png
715,37.53455747,126.8695802,양천구 목동,img/portfolio/716.png
716,37.53457017,126.9932331,용산구 이태원동,img/portfolio/717.png
717,37.5749944,127.0243221,동대문구 신설동,img/portfolio/718.png
718,37.5333159,126.9642059,용산구 한강로2가,img/portfolio/719.png
719,37.60258519,126.9261083,은평구 녹번동,img/portfolio/720.png
720,37.612028,126.9282926,은평구 대조동,img/portfolio/721.png
721,37.47646038,127.0457102,서초구 양재동,img/portfolio/722.png
722,37.5053738,126.8767525,구로구 구로동,img/portfolio/723.png
723,37.47651372,126.965449,관악구 봉천동,img/portfolio/724.png
724,37.45289893,126.9009575,금천구 시흥동,img/portfolio/725.png
725,37.45104153,126.90223,금천구 시흥동,img/portfolio/726.png
726,37.54436507,126.9526961,마포구 공덕동,img/portfolio/727.png
727,37.56534738,126.9011585,마포구 서교동,img/portfolio/728.png
728,37.52495215,126.8506675,양천구 신정동,img/portfolio/729.png
729,37.58040274,127.0461871,동대문구 전농동,img/portfolio/730.png
730,37.45384042,126.9011658,금천구 시흥동,img/portfolio/731.png
731,37.60142175,127.0796796,중랑구 중화동,img/portfolio/732.png
732,37.52072347,126.8683741,양천구 신정동,img/portfolio/733.png
733,37.50811499,127.0643032,강남구 대치동,img/portfolio/734.png
734,37.5970571,127.0885145,중랑구 상봉동,img/portfolio/735.png
735,37.52249528,126.9259753,영등포구 여의도동,img/portfolio/736.png
736,37.4850629,126.9008806,구로구 구로동,img/portfolio/737.png
737,37.52172464,126.8591467,양천구 신정동,img/portfolio/738.png
738,37.53943573,126.9453629,마포구 도화동,img/portfolio/739.png
739,37.61533743,127.0667232,노원구 월계동,img/portfolio/740.png
740,37.53044929,127.0073242,용산구 한남동,img/portfolio/741.png
741,37.52882674,126.9206413,영등포구 여의도동,img/portfolio/742.png
742,37.53539905,127.068759,광진구 자양동,img/portfolio/743.png
743,37.6363128,127.0240565,강북구 번동,img/portfolio/744.png
744,37.57525835,127.0380451,동대문구 용두동,img/portfolio/745.png
745,37.63129949,127.024049,강북구 수유동,img/portfolio/746.png
746,37.62105118,127.0284586,강북구 미아동,img/portfolio/747.png
747,37.62555795,127.0266711,강북구 미아동,img/portfolio/748.png
748,37.63849663,127.0263948,강북구 번동,img/portfolio/749.png
749,37.54756439,127.0882563,광진구 구의동,img/portfolio/750.png
750,37.55849488,127.075497,광진구 군자동,img/portfolio/751.png
751,37.56300596,127.0799225,광진구 중곡동,img/portfolio/752.png
752,37.54561496,126.9276436,마포구 하중동,img/portfolio/753.png
753,37.5567547,126.9239115,마포구 동교동,img/portfolio/754.png
754,37.56787004,127.0690538,동대문구 장안동,img/portfolio/755.png
755,37.57755571,126.9226269,서대문구 남가좌동,img/portfolio/756.png
756,37.53000685,126.9245381,영등포구 여의도동,img/portfolio/757.png
757,37.53325684,126.9016755,영등포구 당산동5가,img/portfolio/758.png
758,37.53340802,127.0753113,광진구 자양동,img/portfolio/759.png
759,37.52214486,126.9733448,용산구 이촌동,img/portfolio/760.png
760,37.518396,126.9791091,용산구 이촌동,img/portfolio/761.png
761,37.56293943,126.995645,중구 인현동2가,img/portfolio/762.png
762,37.6206511,127.0282745,강북구 미아동,img/portfolio/763.png
763,37.55824291,126.9275406,마포구 동교동,img/portfolio/764.png
764,37.51810164,126.8421633,양천구 신월동,img/portfolio/765.png
765,37.53202649,126.8312085,양천구 신월동,img/portfolio/766.png
766,37.48659967,126.8565913,구로구 개봉동,img/portfolio/767.png
767,37.51680135,127.0218953,강남구 논현동,img/portfolio/768.png
768,37.55957812,126.8499157,강서구 등촌동,img/portfolio/769.png
769,37.55076947,127.1266348,강동구 암사동,img/portfolio/770.png
770,37.53860706,127.0554816,성동구 성수동2가,img/portfolio/771.png
771,37.56718879,126.9873583,중구 장교동,img/portfolio/772.png
772,37.67320364,127.0440589,도봉구 도봉동,img/portfolio/773.png
773,37.54192248,126.9405373,마포구 용강동,img/portfolio/774.png
774,37.56141317,127.0663919,동대문구 장안동,img/portfolio/775.png
775,37.57282865,127.066717,동대문구 장안동,img/portfolio/776.png
776,37.57253761,127.0705333,동대문구 장안동,img/portfolio/777.png
777,37.52517096,126.8694931,양천구 목동,img/portfolio/778.png
778,37.56392119,126.806685,강서구 방화동,img/portfolio/779.png
779,37.66998091,127.0411049,도봉구 도봉동,img/portfolio/780.png
780,37.66538914,127.0426959,도봉구 방학동,img/portfolio/781.png
781,37.64724291,127.0254716,도봉구 쌍문동,img/portfolio/782.png
782,37.6617192,127.0280184,도봉구 방학동,img/portfolio/783.png
783,37.66157479,127.0349874,도봉구 방학동,img/portfolio/784.png
784,37.66277354,127.0375811,도봉구 방학동,img/portfolio/785.png
785,37.65709321,127.039472,도봉구 쌍문동,img/portfolio/786.png
786,37.65804744,127.0348479,도봉구 쌍문동,img/portfolio/787.png
787,37.64079173,127.0341677,도봉구 창동,img/portfolio/788.png
788,37.59280196,127.0171264,성북구 동선동1가,img/portfolio/789.png
789,37.52424146,126.8756582,양천구 목동,img/portfolio/790.png
790,37.54280055,126.9438607,마포구 염리동,img/portfolio/791.png
791,37.54339863,126.9479671,마포구 도화동,img/portfolio/792.png
792,37.51939478,126.8361388,양천구 신월동,img/portfolio/793.png
793,37.5214285,126.8544344,양천구 신정동,img/portfolio/794.png
794,37.49997642,126.8974308,영등포구 대림동,img/portfolio/795.png
795,37.52102865,126.852406,양천구 신정동,img/portfolio/796.png
796,37.51908911,126.9046386,영등포구 영등포동4가,img/portfolio/797.png
797,37.57540035,127.0238916,동대문구 신설동,img/portfolio/798.png
798,37.54693198,126.9402319,마포구 대흥동,img/portfolio/799.png
799,37.51824096,126.9058553,영등포구 영등포동3가,img/portfolio/800.png
800,37.57624858,127.0476169,동대문구 전농동,img/portfolio/801.png
801,37.49172897,126.9023028,영등포구 대림동,img/portfolio/802.png
802,37.48669626,126.9042593,영등포구 대림동,img/portfolio/803.png
803,37.49277169,126.8969333,영등포구 대림동,img/portfolio/804.png
804,37.49964135,127.1520829,송파구 마천동,img/portfolio/805.png
805,37.58925356,127.007625,성북구 동소문동1가,img/portfolio/806.png
806,37.61358447,127.0494654,성북구 장위동,img/portfolio/807.png
807,37.61245199,127.0597592,성북구 길음동,img/portfolio/808.png
808,37.61378486,127.065715,성북구 석관동,img/portfolio/809.png
809,37.53583395,126.9729656,용산구 한강로1가,img/portfolio/810.png
810,37.5118157,126.9165866,영등포구 신길동,img/portfolio/811.png
811,37.53214468,126.9709504,용산구 한강로2가,img/portfolio/812.png
812,37.55388718,126.9740905,중구 남대문로5가,img/portfolio/813.png
813,37.57004688,126.9796687,종로구 서린동,img/portfolio/814.png
814,37.5741253,126.9793495,종로구 수송동,img/portfolio/815.png
815,37.56049766,127.0277553,성동구 하왕십리동,img/portfolio/816.png
816,37.49638281,127.0203753,서초구 서초동,img/portfolio/817.png
817,37.60146037,126.9302903,은평구 녹번동,img/portfolio/818.png
818,37.49293121,127.0106983,서초구 서초동,img/portfolio/819.png
819,37.48175776,126.9973237,서초구 방배동,img/portfolio/820.png
820,37.54267625,126.9724492,용산구 갈월동,img/portfolio/821.png
821,37.48870793,127.0282904,서초구 서초동,img/portfolio/822.png
822,37.55872369,127.0080628,중구 장충동1가,img/portfolio/823.png
823,37.50815797,127.0225111,서초구 반포동,img/portfolio/824.png
824,37.49517341,126.8588914,구로구 개봉동,img/portfolio/825.png
825,37.49572889,126.842672,구로구 오류동,img/portfolio/826.png
826,37.50600224,126.8768168,구로구 신도림동,img/portfolio/827.png
827,37.52863886,127.1363556,강동구 성내동,img/portfolio/828.png
828,37.53027957,127.1426214,강동구 둔촌동,img/portfolio/829.png
829,37.55853002,126.973573,중구 남대문로5가,img/portfolio/830.png
830,37.55869658,126.9742969,중구 남대문로5가,img/portfolio/831.png
831,37.57242329,127.0140363,종로구 창신동,img/portfolio/832.png
832,37.49635448,126.9883709,서초구 방배동,img/portfolio/833.png
833,37.55458442,127.0203149,성동구 금호동1가,img/portfolio/834.png
834,37.54864869,127.0163428,성동구 금호동3가,img/portfolio/835.png
835,37.4984915,126.9438483,동작구 상도동,img/portfolio/836.png
836,37.56151491,126.9734514,중구 서소문동,img/portfolio/837.png
837,37.56694677,126.994615,중구 산림동,img/portfolio/838.png
838,37.65642779,127.0642453,노원구 상계동,img/portfolio/839.png
839,37.67386189,127.0552349,노원구 상계동,img/portfolio/840.png
840,37.5156744,127.0194563,서초구 잠원동,img/portfolio/841.png
841,37.5107894,127.0198828,서초구 잠원동,img/portfolio/842.png
842,37.5081109,127.0084054,서초구 잠원동,img/portfolio/843.png
843,37.50657929,127.0055332,서초구 잠원동,img/portfolio/844.png
844,37.50642181,127.0050335,서초구 잠원동,img/portfolio/845.png
845,37.5055567,127.0021375,서초구 잠원동,img/portfolio/846.png
846,37.4889506,126.9927451,서초구 방배동,img/portfolio/847.png
847,37.46933612,126.8982727,금천구 독산동,img/portfolio/848.png
848,37.47413076,127.0481141,서초구 양재동,img/portfolio/849.png
849,37.47361047,127.0436191,서초구 양재동,img/portfolio/850.png
850,37.47491972,126.982069,서초구 방배동,img/portfolio/851.png
851,37.48211916,126.9840676,서초구 방배동,img/portfolio/852.png
852,37.48259683,126.982247,서초구 방배동,img/portfolio/853.png
853,37.48665599,126.9896307,서초구 방배동,img/portfolio/854.png
854,37.49406234,126.9830142,서초구 방배동,img/portfolio/855.png
855,37.4853195,126.9950315,서초구 방배동,img/portfolio/856.png
856,37.61913064,127.0753162,노원구 공릉동,img/portfolio/857.png
857,37.63317168,127.0703774,노원구 하계동,img/portfolio/858.png
858,37.48127352,126.951462,관악구 봉천동,img/portfolio/859.png
859,37.56840138,127.007241,중구 을지로6가,img/portfolio/860.png
860,37.65022029,127.0768429,노원구 중계동,img/portfolio/861.png
861,37.46878649,126.902885,금천구 독산동,img/portfolio/862.png
862,37.59923036,127.0797846,중랑구 중화동,img/portfolio/863.png
863,37.5702197,127.0377948,성동구 마장동,img/portfolio/864.png
864,37.47224561,126.9030851,금천구 독산동,img/portfolio/865.png
865,37.56643263,127.0327757,성동구 홍익동,img/portfolio/866.png
866,37.50599166,127.0987185,송파구 석촌동,img/portfolio/867.png
867,37.52067059,127.0286096,강남구 신사동,img/portfolio/868.png
868,37.61610689,127.0776196,중랑구 묵동,img/portfolio/869.png
869,37.6005575,127.1036915,중랑구 망우동,img/portfolio/870.png
870,37.60061545,127.10812,중랑구 망우동,img/portfolio/871.png
871,37.50125075,127.0371974,강남구 역삼동,img/portfolio/872.png
872,37.47101141,126.9376354,관악구 신림동,img/portfolio/873.png
873,37.5043183,127.0478382,강남구 역삼동,img/portfolio/874.png
874,37.62866821,127.0438882,강북구 번동,img/portfolio/875.png
875,37.53726846,126.8366383,강서구 화곡동,img/portfolio/876.png
876,37.55454805,126.8371307,강서구 내발산동,img/portfolio/877.png
877,37.53128569,126.8472079,강서구 화곡동,img/portfolio/878.png
878,37.50704386,127.0905023,송파구 삼전동,img/portfolio/879.png
879,37.499231,127.0440724,강남구 역삼동,img/portfolio/880.png
880,37.51896612,127.0497427,강남구 청담동,img/portfolio/881.png
881,37.57076748,126.9615971,서대문구 영천동,img/portfolio/882.png
882,37.49090054,127.0805852,강남구 일원동,img/portfolio/883.png
883,37.52293618,127.0394346,강남구 청담동,img/portfolio/884.png
884,37.52842523,126.8978636,영등포구 당산동4가,img/portfolio/885.png
885,37.60366628,127.0431654,성북구 하월곡동,img/portfolio/886.png
886,37.65462071,127.0602738,노원구 상계동,img/portfolio/887.png
887,37.50612523,126.9109244,영등포구 신길동,img/portfolio/888.png
888,37.49688613,127.1319436,송파구 가락동,img/portfolio/889.png
889,37.49566123,127.1311747,송파구 가락동,img/portfolio/890.png
890,37.49516062,127.135223,송파구 가락동,img/portfolio/891.png
891,37.5120752,127.1134914,송파구 방이동,img/portfolio/892.png
892,37.50587512,127.1208769,송파구 송파동,img/portfolio/893.png
893,37.50452823,127.1147171,송파구 송파동,img/portfolio/894.png
894,37.50871155,127.0869492,송파구 잠실동,img/portfolio/895.png
895,37.5137009,126.920057,영등포구 신길동,img/portfolio/896.png
896,37.56237331,126.990061,중구 충무로2가,img/portfolio/897.png
897,37.51950516,126.9295069,영등포구 여의도동,img/portfolio/898.png
898,37.51715245,126.9060934,영등포구 영등포동4가,img/portfolio/899.png
899,37.66506798,127.0574571,노원구 상계동,img/portfolio/900.png
900,37.53442913,127.0066258,용산구 한남동,img/portfolio/901.png
901,37.52416178,127.0501565,강남구 청담동,img/portfolio/902.png
902,37.6054943,127.0621071,성북구 석관동,img/portfolio/903.png
903,37.57109749,127.0711551,동대문구 장안동,img/portfolio/904.png
904,37.53695151,127.0824312,광진구 자양동,img/portfolio/905.png
905,37.56973974,127.0699458,동대문구 장안동,img/portfolio/906.png
906,37.50098356,126.8824762,구로구 구로동,img/portfolio/907.png
907,37.61690899,127.029696,강북구 미아동,img/portfolio/908.png
908,37.53433306,126.8378428,강서구 화곡동,img/portfolio/909.png
909,37.55792194,126.9081664,마포구 망원동,img/portfolio/910.png
910,37.5206955,126.8848619,영등포구 양평동2가,img/portfolio/911.png
911,37.56282995,126.977569,중구 북창동,img/portfolio/912.png
912,37.44744981,126.90308,금천구 시흥동,img/portfolio/913.png
913,37.51993876,126.9042235,영등포구 영등포동,img/portfolio/914.png
914,37.54733679,126.9428702,마포구 대흥동,img/portfolio/915.png
915,37.57749242,126.8125929,강서구 방화동,img/portfolio/916.png
916,37.49627672,126.9082343,영등포구 대림동,img/portfolio/917.png
917,37.54072629,127.0678153,광진구 자양동,img/portfolio/918.png
918,37.48531528,127.0181876,서초구 서초동,img/portfolio/919.png
919,37.56335972,126.9751839,중구 서소문동,img/portfolio/920.png
920,37.50098591,127.0509511,강남구 대치동,img/portfolio/921.png
921,37.47719804,127.1274083,송파구 장지동,img/portfolio/922.png
922,37.51544148,127.0201025,강남구 논현동,img/portfolio/923.png
923,37.5543165,126.9722649,용산구 동자동,img/portfolio/924.png
924,37.57865235,127.0724943,동대문구 장안동,img/portfolio/925.png
925,37.56206136,127.0648013,동대문구 장안동,img/portfolio/926.png
926,37.56631949,127.0537203,동대문구 답십리동,img/portfolio/927.png
927,37.55168596,126.9330859,마포구 신수동,img/portfolio/928.png
928,37.51900865,126.9764767,용산구 이촌동,img/portfolio/929.png
929,37.57793497,126.986844,종로구 계동,img/portfolio/930.png
930,37.48483173,126.9329634,관악구 신림동,img/portfolio/931.png
931,37.48426977,126.9286631,관악구 신림동,img/portfolio/932.png
932,37.56204427,126.9745917,중구 서소문동,img/portfolio/933.png
933,37.50278059,127.0931299,송파구 삼전동,img/portfolio/934.png
934,37.5072056,127.0923475,송파구 삼전동,img/portfolio/935.png
935,37.50465287,127.0850287,송파구 잠실동,img/portfolio/936.png
936,37.5057897,127.0834209,송파구 잠실동,img/portfolio/937.png
937,37.5791051,127.0422193,동대문구 용두동,img/portfolio/938.png
938,37.59420353,127.0361963,성북구 종암동,img/portfolio/939.png
939,37.56845258,126.9793262,중구 무교동,img/portfolio/940.png
940,37.48362754,126.9299453,관악구 신림동,img/portfolio/941.png
941,37.4826446,126.9297607,관악구 신림동,img/portfolio/942.png
942,37.6373453,127.0247546,강북구 수유동,img/portfolio/943.png
943,37.64949049,127.0135514,강북구 우이동,img/portfolio/944.png
944,37.49902491,126.8474299,구로구 개봉동,img/portfolio/945.png
945,37.56033552,126.982446,중구 회현동2가,img/portfolio/946.png
946,37.55988753,127.0134364,중구 신당동,img/portfolio/947.png
947,37.5590981,127.0874918,광진구 중곡동,img/portfolio/948.png
948,37.66199611,127.0313986,도봉구 방학동,img/portfolio/949.png
949,37.57974371,127.0453873,동대문구 전농동,img/portfolio/950.png
950,37.52242757,126.843514,양천구 신월동,img/portfolio/951.png
951,37.57646879,127.025503,동대문구 신설동,img/portfolio/952.png
952,37.52129928,126.9249317,영등포구 여의도동,img/portfolio/953.png
953,37.52381128,126.9696669,용산구 한강로3가,img/portfolio/954.png
954,37.47614217,126.9875016,서초구 방배동,img/portfolio/955.png
955,37.57118973,126.9807217,종로구 청진동,img/portfolio/956.png
956,37.51636659,127.0414156,강남구 논현동,img/portfolio/957.png
957,37.57486022,126.9743424,종로구 적선동,img/portfolio/958.png
958,37.55462055,126.8533421,강서구 화곡동,img/portfolio/959.png
959,37.58977769,126.9170313,은평구 응암동,img/portfolio/960.png
960,37.54580589,126.9783915,용산구 후암동,img/portfolio/961.png
961,37.57791126,127.0381443,동대문구 용두동,img/portfolio/962.png
962,37.57305423,126.9809915,종로구 수송동,img/portfolio/963.png
963,37.55241545,126.8362049,강서구 내발산동,img/portfolio/964.png
964,37.48856927,127.0090738,서초구 서초동,img/portfolio/965.png
965,37.56121869,127.0678717,동대문구 장안동,img/portfolio/966.png
966,37.56799251,126.9178752,서대문구 연희동,img/portfolio/967.png
967,37.5639267,126.9779042,중구 소공동,img/portfolio/968.png
968,37.51773738,127.0219708,강남구 신사동,img/portfolio/969.png
969,37.48491851,127.0348032,강남구 도곡동,img/portfolio/970.png
970,37.57417116,126.9737615,종로구 적선동,img/portfolio/971.png
971,37.57131927,126.991905,종로구 묘동,img/portfolio/972.png
972,37.56075354,127.0645301,성동구 용답동,img/portfolio/973.png
973,37.56396476,127.0301763,성동구 하왕십리동,img/portfolio/974.png
974,37.56292796,127.0326152,성동구 하왕십리동,img/portfolio/975.png
975,37.56257133,127.0337061,성동구 도선동,img/portfolio/976.png
976,37.55775517,126.9767748,중구 남창동,img/portfolio/977.png
977,37.56705757,126.978823,중구 무교동,img/portfolio/978.png
978,37.56697019,126.9798536,중구 다동,img/portfolio/979.png
979,37.54891518,126.8636799,양천구 목동,img/portfolio/980.png
980,37.64695142,127.0311332,도봉구 쌍문동,img/portfolio/981.png
981,37.55694494,126.9561033,마포구 아현동,img/portfolio/982.png
982,37.56656884,127.0158019,중구 신당동,img/portfolio/983.png
983,37.51350401,127.0069253,서초구 잠원동,img/portfolio/984.png
984,37.55215476,126.8501594,강서구 화곡동,img/portfolio/985.png
